序号,代码,名称,涨跌幅,最新价,涨停价,成交额,流通市值,总市值,换手率,涨速,是否新高,量比,涨停统计,入选理由,所属行业,date
166,603060,国检集团,2.373887300491333,6.9,7.41,221525504,5547328712.7,5547328747.2,4.006519794464111,-0.14471779763698578,是,3.385779619216919,0/0,60日新高,专业服务,2026-02-04
180,003035,南网能源,2.1505377292633057,7.6,8.18,2449994144,28787878781.199997,28787878758.399998,8.48685359954834,0.0,是,1.991495132446289,2/1,60日新高,专业服务,2026-02-04
309,300461,田中精机,-11.290729522705078,35.12,47.51,539774112,5046858385.839999,5515831023.04,9.075116157531738,0.0,是,1.071774959564209,0/0,60日新高,专用设备,2026-02-04
39,300540,蜀道装备,8.988276481628418,25.1,27.64,508734912,5188852820.400001,5761933661.0,9.954242706298828,0.0,是,2.673766851425171,0/0,60日新高,专用设备,2026-02-04
257,002353,杰瑞股份,-0.9766454696655273,93.28,103.62,2467320992,64665790059.200005,95505272755.2,3.826847553253174,0.07509923726320267,是,1.2318226099014282,0/0,60日新高,专用设备,2026-02-04
255,600499,科达制造,-0.8869179487228394,17.88,19.84,834878208,34291272271.079998,34291272145.92,2.4283394813537598,0.33670032024383545,是,0.5505887269973755,0/0,60日新高,专用设备,2026-02-04
235,603960,克来机电,0.45724740624427795,21.97,24.06,167336870,5760487863.0,5760487863.0,2.892702102661133,0.0,是,0.7193721532821655,0/0,60日新高,专用设备,2026-02-04
223,688162,巨一科技,0.641960859298706,34.49,41.12,67308488,4728605729.75,4728605729.75,1.4236644506454468,0.0,是,0.8841184377670288,0/0,60日新高,专用设备,2026-02-04
211,002730,电光科技,0.9451796412467957,16.02,17.46,152765507,5543398677.599999,5800519805.76,2.739509105682373,0.0,是,1.3634872436523438,0/0,60日新高,专用设备,2026-02-04
67,002957,科瑞技术,5.999189376831055,26.15,27.14,1590266176,10948452241.3,10982541433.599998,14.408012390136719,0.1531980186700821,是,4.019918441772461,2/1,60日新高,专用设备,2026-02-04
201,300823,建科智能,1.128031611442566,17.93,21.28,88714809,1520274408.18,2348520295.11,5.817405700683594,0.0,是,1.3058675527572632,0/0,60日新高,专用设备,2026-02-04
170,688092,爱科科技,2.3255813121795654,30.8,36.12,91911211,2546043192.0,2546043192.0,3.62930965423584,0.0,是,1.4135874509811401,0/0,60日新高,专用设备,2026-02-04
80,000852,石化机械,5.443037986755371,8.33,8.69,449352624,7878004087.38,7963210907.68,5.753508567810059,0.0,是,1.4496513605117798,0/0,60日新高,专用设备,2026-02-04
161,605167,利柏特,2.5723471641540527,19.14,20.53,176002265,8595199800.0,8595199800.0,2.0470082759857178,-0.10438413918018341,是,0.7705339789390564,0/0,60日新高,专用设备,2026-02-04
131,002367,康力电梯,3.465346574783325,8.36,8.89,171161518,6642715811.16,6669152012.16,2.5895376205444336,-0.11947430670261383,是,1.951758623123169,0/0,60日新高,专用设备,2026-02-04
96,688312,燕麦科技,4.906594753265381,46.61,53.32,761520448,6794396377.76,6794396377.76,11.665253639221191,0.0,是,1.8619248867034912,0/0,60日新高,专用设备,2026-02-04
97,300217,东方电热,4.903677940368652,5.99,6.85,943494208,7349439556.88,8853081894.56,12.937955856323242,0.0,是,2.3136208057403564,0/0,60日新高,专用设备,2026-02-04
126,002111,威海广泰,3.544776201248169,11.1,11.79,193668081,5341885389.599999,5905315262.4,3.632544994354248,0.1805054098367691,是,1.8845465183258057,0/0,60日新高,专用设备,2026-02-04
118,002009,天奇股份,3.9273929595947266,31.49,33.33,3265314304,11151319697.81,12666323468.0,29.603593826293945,0.031766198575496674,是,0.9910773634910583,0/0,60日新高,专用设备,2026-02-04
106,688378,奥来德,4.463565349578857,38.85,44.63,392935808,9361318183.35,9684499134.45,4.270743370056152,0.0,是,1.5138908624649048,0/0,60日新高,专用设备,2026-02-04
107,300228,富瑞特装,4.35606050491333,11.02,12.67,968132560,6188339394.98,6583629583.04,15.636480331420898,0.0,是,1.8134325742721558,0/0,60日新高,专用设备,2026-02-04
263,300757,罗博特科,-1.2288135290145874,419.58,509.76,5322028544,63210890914.92,70325011213.38,8.422414779663086,0.0,是,1.1356682777404785,2/1,60日新高,专用设备,2026-02-04
268,688097,博众精工,-1.3667426109313965,43.3,52.68,490156400,19268879524.5,19339848008.0,2.511875629425049,0.0,是,1.3484562635421753,0/0,60日新高,专用设备,2026-02-04
241,688151,华强科技,0.2763703465461731,21.77,26.05,71343400,7499765000.0,7499765000.0,0.9493100047111511,0.0,是,1.1530183553695679,0/0,60日新高,专用设备,2026-02-04
15,002334,英威腾,10.054644584655762,10.07,10.07,866860496,7392342339.55,8284997922.56,12.058002471923828,0.0,是,4.0898590087890625,1/1,60日新高,专用设备,2026-02-04
292,301468,博盈特焊,-3.5430915355682373,70.51,87.72,556836768,5288433749.06,9174329467.27,10.358076095581055,0.0,是,0.762947678565979,0/0,60日新高,专用设备,2026-02-04
10,300471,厚普股份,10.439560890197754,16.08,17.47,1021420096,5894099558.4,7560152474.879999,17.584808349609375,0.0,是,2.042759418487549,0/0,60日新高,专用设备,2026-02-04
288,605288,凯迪股份,-2.8451526165008545,136.59,154.65,168664771,9588469390.08,9653226709.08,1.7619575262069702,-0.24830205738544464,是,0.6538611054420471,0/0,60日新高,专用设备,2026-02-04
283,000856,冀东装备,-2.2433133125305176,11.33,12.75,499453648,2571910000.0,2571910000.0,19.348224639892578,-0.08818341791629791,是,5.89742374420166,2/1,60日新高,专用设备,2026-02-04
286,301018,申菱环境,-2.552490711212158,71.01,87.44,932861200,14130948388.140001,18892392569.640003,6.5415358543396,0.0,是,0.8560882806777954,0/0,60日新高,专用设备,2026-02-04
199,002826,易明医药,1.2392754554748535,21.24,23.08,391062800,3702692502.3599997,4049995409.9999995,10.640958786010742,0.615821897983551,是,1.952109456062317,0/0,60日新高,中药,2026-02-04
117,000423,东阿阿胶,3.9319469928741455,54.98,58.19,1103522384,35353134313.299995,35405846223.36,3.150585174560547,0.18221573531627655,是,1.5212663412094116,0/0,60日新高,中药,2026-02-04
249,600750,华润江中,-0.5158730149269104,25.07,27.72,119249404,15761142100.55,15918279130.72,0.7539798617362976,-0.03987240791320801,是,0.654890239238739,0/0,60日新高,中药,2026-02-04
251,300508,维宏股份,-0.6668148636817932,44.69,53.99,180653728,3662008448.02,4862063297.7,4.956942081451416,0.0,是,0.7558093070983887,0/0,60日新高,互联网服,2026-02-04
210,300923,研奥股份,0.9490333795547485,28.72,34.14,53401831,2196175320.0,2257392000.0,2.4276649951934814,0.0,是,1.0519230365753174,0/0,60日新高,交运设备,2026-02-04
280,688056,莱伯泰科,-2.0855331420898438,37.09,45.46,27053718,2501811741.4,2501811741.4,1.0754908323287964,0.0,是,0.9780142307281494,0/0,60日新高,仪器仪表,2026-02-04
239,300371,汇中股份,0.28756290674209595,13.95,16.69,40440428,1875024814.9499998,2806981279.2,2.1522295475006104,0.0,是,0.9249284267425537,0/0,60日新高,仪器仪表,2026-02-04
293,688768,容知日新,-3.8313608169555664,65.01,81.12,157908351,5673003320.490001,5720146232.13,2.768599271774292,0.0,是,0.7948138117790222,0/0,60日新高,仪器仪表,2026-02-04
121,002865,钧达股份,3.6926145553588867,114.29,121.24,4598755328,25699911367.68,35574596625.92,18.352209091186523,0.0,是,1.340080738067627,2/1,60日新高,光伏设备,2026-02-04
57,300118,东方日升,6.904231548309326,24.0,26.94,7775593984,22243825920.0,27360332544.0,35.82962417602539,0.0,是,1.650655746459961,0/0,60日新高,光伏设备,2026-02-04
270,300776,帝尔激光,-1.4644126892089844,91.51,111.44,1218830288,15377654370.810001,25074019654.56,7.853700637817383,0.0,是,0.9546968340873718,0/0,60日新高,光伏设备,2026-02-04
2,300393,中来股份,20.0,10.32,10.32,1838447088,9864940116.0,11244954355.2,19.990482330322266,0.0,是,1.6861258745193481,1/1,60日新高,光伏设备,2026-02-04
54,603806,福斯特,6.951871395111084,20.0,20.57,2918497408,52174783820.0,52174783680.0,5.793465614318848,-0.049975015223026276,是,2.0957016944885254,2/1,60日新高,光伏设备,2026-02-04
30,603778,国晟科技,9.993202209472656,16.18,16.18,1362339552,10401428557.56,10624469631.039999,13.454744338989258,0.0,否,0.8644156455993652,2/2,近期多次涨停,光伏设备,2026-02-04
202,688516,奥特维,1.1183757781982422,117.54,139.49,3525644240,36984173394.78,37063875035.520004,9.337864875793457,0.0,是,1.7544374465942383,2/1,60日新高,光伏设备,2026-02-04
22,002623,亚玛顿,10.0115966796875,28.46,28.46,561521152,5653184117.5,5665318750.0,10.29780387878418,0.0,是,0.733476996421814,1/1,60日新高,光伏设备,2026-02-04
4,688223,晶科能源,20.0,8.4,8.4,4138046832,84043713675.6,84043713331.2,5.434627532958984,0.0,是,2.063581705093384,1/1,60日新高,光伏设备,2026-02-04
64,688726,拉普拉斯,6.330935001373291,73.9,83.4,2948224352,16252418628.6,29953605588.800003,18.462251663208008,0.0,是,1.4692999124526978,0/0,60日新高,光伏设备,2026-02-04
8,300316,晶盛机电,12.965316772460938,62.21,66.08,7418974208,76615063486.93001,81466097200.32,10.12944507598877,0.0,是,2.019002914428711,0/0,60日新高,光伏设备,2026-02-04
129,300724,捷佳伟创,3.4966013431549072,147.7,171.25,8453465088,42495424117.299995,51442728399.99999,20.003456115722656,0.0,是,1.4783506393432617,0/0,60日新高,光伏设备,2026-02-04
5,688429,时创能源,20.0,18.54,18.54,307385248,2221597530.18,7416014832.0,14.654256820678711,0.0,是,3.9393553733825684,1/1,60日新高,光伏设备,2026-02-04
284,300842,帝科股份,-2.468339204788208,120.91,148.76,1904994192,15675067420.4,17565773726.13,12.195053100585938,0.0,是,1.0187547206878662,2/1,60日新高,光伏设备,2026-02-04
27,603381,永臻股份,10.0,25.52,25.52,749318736,3627353746.72,6054781439.5199995,21.240903854370117,0.0,是,2.394913911819458,1/1,60日新高,光伏设备,2026-02-04
42,688680,海优新材,8.04257869720459,73.08,81.17,791638848,6140465954.28,6140465954.28,13.274412155151367,0.0,是,2.4571263790130615,2/1,60日新高,光伏设备,2026-02-04
26,600481,双良节能,10.0,11.11,11.11,1314836128,20817635894.879997,20817635894.879997,6.335514545440674,0.0,是,0.6769992113113403,2/2,60日新高且近期多次涨停,光伏设备,2026-02-04
77,603396,金辰股份,5.5226826667785645,53.5,55.77,1719015456,7411220073.0,7411220073.0,23.481765747070312,0.0,是,1.3310130834579468,0/0,60日新高,光伏设备,2026-02-04
6,301636,泽润新能,19.997318267822266,89.47,89.47,622779184,1428563553.32,5714254123.809999,48.17803192138672,0.0,是,1.4583929777145386,2/2,60日新高且近期多次涨停,光伏设备,2026-02-04
167,688205,德科立,2.371004819869995,196.02,229.78,2890757760,31027090190.58,31027090190.58,9.64413833618164,0.0,是,0.8719095587730408,0/0,60日新高,光学光电,2026-02-04
94,301045,天禄科技,5.013333320617676,39.38,45.0,236417499,2518665409.92,4344336938.04,9.304222106933594,0.0,是,1.4241845607757568,0/0,60日新高,光学光电,2026-02-04
231,300566,激智科技,0.5007511377334595,20.07,23.96,177853525,4549476250.17,5260439783.61,3.917801856994629,0.0,是,1.0626647472381592,0/0,60日新高,光学光电,2026-02-04
245,002992,宝明科技,-0.18416206538677216,54.2,59.73,136286872,8565741008.400001,9803080017.0,1.5716323852539062,0.03691399097442627,是,0.8556380271911621,0/0,60日新高,光学光电,2026-02-04
43,002273,水晶光电,7.987346649169922,27.31,27.82,4290439136,37202005732.74,37978166037.439995,11.775211334228516,0.0,是,3.580371379852295,0/0,60日新高,光学光电,2026-02-04
260,688127,蓝特光学,-1.1108866930007935,48.96,59.41,523722864,19872751392.0,19872751196.16,2.6271300315856934,0.0,是,0.8926153779029846,0/0,60日新高,光学光电,2026-02-04
267,603685,晨丰科技,-1.3208351135253906,23.16,25.82,118592110,4665946700.52,5812015154.88,2.5482659339904785,0.0,是,0.7163689136505127,0/0,60日新高,光学光电,2026-02-04
60,688195,腾景科技,6.465517044067383,247.0,278.4,2985194064,31949450000.0,31949450000.0,9.976131439208984,0.0,是,1.3256577253341675,0/0,60日新高,光学光电,2026-02-04
307,603291,联合水务,-9.992132186889648,11.44,13.98,195698184,1486548800.8799999,4841643755.5199995,12.93858814239502,0.0,是,1.626493215560913,0/0,60日新高,公用事业,2026-02-04
242,002772,众兴菌业,0.0,16.98,18.68,279900480,6624206237.940001,6677238292.8,4.189688682556152,-0.058858148753643036,是,0.6680818200111389,0/0,60日新高,农牧饲渔,2026-02-04
277,002041,登海种业,-1.8981881141662598,11.37,12.75,1171175504,10005600000.0,10005600000.0,11.682332992553711,0.0,是,1.3594506978988647,0/0,60日新高,农牧饲渔,2026-02-04
92,300021,大禹节水,5.020920753479004,5.02,5.74,639402592,4381150839.219999,5132284709.44,14.447527885437012,0.0,是,3.1217362880706787,0/0,60日新高,农牧饲渔,2026-02-04
209,600538,国发股份,0.9562841653823853,7.39,8.05,119845149,3873825791.72,3873825821.2799997,3.087440013885498,-0.13513514399528503,是,1.034279227256775,0/0,60日新高,农药兽药,2026-02-04
297,603599,广信股份,-5.247101783752441,15.53,18.03,821170480,14136482927.849998,14136482912.32,5.783336162567139,0.0,是,0.8484994769096375,0/0,60日新高,农药兽药,2026-02-04
291,002969,嘉美包装,-3.362757444381714,22.99,26.17,1313325392,25065415307.019997,25206384239.519997,5.185685157775879,-0.3035559356212616,否,0.5230331420898438,29/17,近期多次涨停,包装材料,2026-02-04
114,301062,上海艾录,4.162436485290527,10.26,11.82,221681170,3197111212.7999997,4435163907.84,7.008141994476318,0.0,是,1.1303049325942993,0/0,60日新高,包装材料,2026-02-04
168,002319,乐通股份,2.3699803352355957,15.55,16.71,173089679,3110000000.0,3257297530.5,5.542305946350098,0.0,是,0.7860402464866638,0/0,60日新高,化学制品,2026-02-04
83,603285,键邦股份,5.315804481506348,36.85,38.49,453372288,2295636343.0,5896000000.0,19.664417266845703,0.16308780014514923,是,2.308847427368164,2/1,60日新高,化学制品,2026-02-04
149,002165,红 宝 丽,3.0656933784484863,14.12,15.07,4330972672,10274128483.519999,10382010140.8,41.482513427734375,0.21291697025299072,是,1.141842007637024,4/2,60日新高且近期多次涨停,化学制品,2026-02-04
100,688625,呈和科技,4.8218674659729,68.26,78.14,392336576,12854788115.26,12854788115.26,3.0991427898406982,0.0,是,1.234375,0/0,60日新高,化学制品,2026-02-04
122,002377,国创高新,3.692307710647583,3.37,3.58,136525691,2939814852.77,3088015924.0,4.69258451461792,-0.2958579957485199,是,1.5293997526168823,0/0,60日新高,化学制品,2026-02-04
104,002455,百川股份,4.558681011199951,10.78,11.34,2446732960,5597296101.32,6406105724.48,45.35692596435547,0.0,是,1.5534862279891968,6/4,60日新高且近期多次涨停,化学制品,2026-02-04
279,920261,一诺威,-1.9384264945983887,17.2,22.8,156799169,2926700675.2,5007483334.4,5.234094619750977,0.17472335696220398,是,1.1991995573043823,0/0,60日新高,化学制品,2026-02-04
253,002562,兄弟科技,-0.7905138731002808,7.53,8.35,1115499008,5282511735.99,8605449057.6,20.633405685424805,0.0,是,1.5161381959915161,0/0,60日新高,化学制品,2026-02-04
40,688350,富淼科技,8.339029312133789,31.7,35.11,372675184,4181518882.1,4181518882.1,8.921525001525879,0.0,是,1.2636467218399048,0/0,60日新高,化学制品,2026-02-04
285,002809,红墙股份,-2.5333333015441895,14.62,16.5,696918640,2033912177.6,3093773478.06,33.29579162597656,0.06844627112150192,是,0.9519023895263672,0/0,60日新高,化学制品,2026-02-04
254,002440,闰土股份,-0.7955449819564819,12.47,13.83,1503213072,11801092602.43,14016278802.880001,12.671785354614258,-0.478850781917572,是,0.7242411375045776,0/0,60日新高,化学制品,2026-02-04
21,002810,山东赫达,10.016695022583008,19.77,19.77,453060432,6380845907.82,6890766440.16,7.370140552520752,0.0,是,1.1356837749481201,1/1,60日新高,化学制品,2026-02-04
47,300436,广生堂,7.496293544769287,116.01,129.5,1655049520,15861115623.69,18476564670.0,10.553689956665039,0.0,是,0.9504538774490356,0/0,60日新高,化学制药,2026-02-04
145,300016,北陆药业,3.1904287338256836,10.35,12.04,774464704,5817887020.8,5825737288.8,13.25601863861084,0.0,是,1.602418065071106,0/0,60日新高,化学制药,2026-02-04
265,688513,苑东生物,-1.2917271852493286,68.01,82.68,329272848,12005958730.560001,12005958730.560001,2.705606460571289,0.0,是,1.1923702955245972,0/0,60日新高,化学制药,2026-02-04
262,002923,润都股份,-1.2101911306381226,15.51,17.27,193925712,4002895759.83,5194194772.8,4.847522258758545,-0.25723472237586975,是,0.6607798337936401,0/0,60日新高,化学制药,2026-02-04
305,603172,万丰股份,-9.990363121032715,28.02,34.24,415086592,1403241600.0,3737307600.0,28.95547866821289,0.0,否,1.9497731924057007,5/4,近期多次涨停,化学原料,2026-02-04
187,301059,金三江,1.8050541877746582,14.1,16.62,129734072,2914992066.6,3259271400.0,4.430556297302246,0.0,是,1.7099764347076416,0/0,60日新高,化学原料,2026-02-04
226,002999,天禾股份,0.5405405759811401,7.44,8.14,167143781,2557238670.0,2586084480.0,6.475477695465088,0.0,是,1.6722968816757202,0/0,60日新高,化肥行业,2026-02-04
206,300387,富邦科技,0.9667025208473206,9.4,11.17,313505232,2716192463.0,2717136025.6,11.332381248474121,0.0,是,3.038724899291992,0/0,60日新高,化肥行业,2026-02-04
275,688410,山外山,-1.7241379022598267,17.1,20.88,107867886,5465170636.200001,5465170670.400001,1.9457005262374878,0.0,是,0.8859188556671143,0/0,60日新高,医疗器械,2026-02-04
11,688338,赛科希德,10.154374122619629,32.11,34.98,197308131,3408232464.0,3408232464.0,5.993684768676758,0.0,是,4.004855632781982,0/0,60日新高,医疗器械,2026-02-04
274,301235,华康洁净,-1.6533530950546265,52.94,64.6,502416000,3851004202.58,5705584624.059999,12.990097999572754,0.0,是,0.7568867802619934,0/0,60日新高,医疗服务,2026-02-04
200,600763,通策医疗,1.2018234729766846,48.84,53.09,675049744,21845600474.280003,21845600620.800003,3.1139471530914307,-0.02047082968056202,是,0.8555359840393066,0/0,60日新高,医疗服务,2026-02-04
138,688167,炬光科技,3.2702524662017822,311.05,361.44,2633578144,27950804940.2,27950804940.2,9.644697189331055,0.0,是,1.201588749885559,0/0,60日新高,半导体,2026-02-04
290,688593,新相微,-3.0280091762542725,25.62,31.7,280390160,8267105743.26,11773143432.960001,3.3362925052642822,0.0,是,0.7690430283546448,0/0,60日新高,半导体,2026-02-04
102,688530,欧莱新材,4.7131147384643555,25.55,29.28,372349712,1731733112.2,4089145253.2000003,22.348188400268555,0.0,是,1.1710716485977173,0/0,60日新高,半导体,2026-02-04
157,600828,茂业商业,2.7616279125213623,7.07,7.57,864338112,12240716479.67,12245116586.08,7.138771057128906,0.0,否,1.5308228731155396,4/2,近期多次涨停,商业百货,2026-02-04
37,600778,友好集团,9.944750785827637,7.96,7.96,274622208,2477270460.72,2479471225.6,11.350218772888184,0.0,是,1.972411870956421,1/1,60日新高,商业百货,2026-02-04
261,600785,新华百货,-1.169590711593628,25.35,28.22,1421416848,5719752948.0,5719752948.0,24.151479721069336,0.6751390099525452,是,1.7009124755859375,5/3,60日新高且近期多次涨停,商业百货,2026-02-04
146,603150,万朗磁塑,3.187420129776001,48.56,51.77,177586917,4151054480.0,4151054480.0,4.2827229499816895,-0.08230452984571457,是,0.8605394959449768,0/0,60日新高,塑料制品,2026-02-04
110,600053,九鼎投资,4.242424488067627,25.8,27.23,679350880,11185352640.0,11185352640.0,6.188918590545654,0.03877471759915352,是,2.081254720687866,2/1,60日新高,多元金融,2026-02-04
227,002678,珠江钢琴,0.52173912525177,5.78,6.33,283780992,7846780309.440001,7851091449.6,3.5917861461639404,0.0,是,1.3606946468353271,0/0,60日新高,家用轻工,2026-02-04
141,301588,美新科技,3.253795862197876,23.8,27.66,158634143,1745948555.4,2829052545.2000003,9.192852973937988,0.0,是,1.1498873233795166,0/0,60日新高,家用轻工,2026-02-04
89,001323,慕思股份,5.058650970458984,28.66,30.01,114335962,8920368797.74,12469414810.88,1.3062796592712402,0.03490401431918144,是,2.045825958251953,0/0,60日新高,家用轻工,2026-02-04
61,001221,悍高集团,6.452089309692383,72.1,74.5,406289520,2596248900.0,28840720999.999996,15.877053260803223,-0.16615895926952362,是,1.7261673212051392,0/0,60日新高,家用轻工,2026-02-04
176,002615,哈尔斯,2.2274327278137207,8.72,9.38,123228033,2668691567.92,4065854588.1600003,4.60612154006958,-0.11454754322767258,是,1.085760474205017,0/0,60日新高,家用轻工,2026-02-04
1,301362,民爆光电,20.006175994873047,77.74,77.74,437742672,2306545800.0,8137045799.999999,18.9782772064209,0.0,是,4.951656341552734,3/3,60日新高且近期多次涨停,家电行业,2026-02-04
46,600983,惠而浦,7.623318672180176,12.0,12.27,240063325,9197268000.0,9197268096.0,2.644519805908203,-0.08326394855976105,是,2.0774624347686768,0/0,60日新高,家电行业,2026-02-04
28,605376,博迁新材,10.0,100.1,100.1,1641217040,26186160000.0,26186160000.0,6.629297733306885,0.0,是,1.1016324758529663,1/1,60日新高,小金属,2026-02-04
298,002149,西部材料,-5.383131504058838,53.96,62.73,5871738368,26339995225.04,26344042117.12,21.726394653320312,0.0,是,0.9167443513870239,0/0,60日新高,小金属,2026-02-04
119,000962,东方钽业,3.9111316204071045,44.9,47.53,1692502112,22524730437.5,22668405812.8,7.421814441680908,0.0,是,1.0830968618392944,2/1,60日新高,小金属,2026-02-04
158,000928,中钢国际,2.6315789222717285,7.02,7.52,336802864,10071082038.42,10071205260.48,3.375379800796509,0.14265336096286774,是,1.3051996231079102,0/0,60日新高,工程咨询,2026-02-04
301,300977,深圳瑞捷,-6.428571701049805,23.58,30.24,140145509,2235433117.14,3589506222.66,6.142550468444824,0.0,是,1.1052709817886353,0/0,60日新高,工程咨询,2026-02-04
233,603860,中公高科,0.48899757862091064,32.88,35.99,31151750,2192438400.0,2192438400.0,1.4202159643173218,0.0,是,0.7238622307777405,0/0,60日新高,工程咨询,2026-02-04
208,000157,中联重科,0.9625668525695801,9.44,10.29,1129739600,66744739906.71999,81642173194.23999,1.7052315473556519,0.10604454576969147,是,0.9483203291893005,0/0,60日新高,工程机械,2026-02-04
18,601226,华电科工,10.025928497314453,12.73,12.73,1795052960,14795107701.0,14795107650.08,12.405440330505371,1.3535032272338867,是,1.8176554441452026,1/1,60日新高,工程机械,2026-02-04
12,600683,京投发展,10.091742515563965,6.0,6.0,514212336,4444665582.0,4444665600.0,11.925667762756348,0.0,是,3.5623037815093994,2/2,60日新高且近期多次涨停,房地产开,2026-02-04
48,001979,招商蛇口,7.305034160614014,10.87,11.14,1183842544,91460432390.53,98004270622.71999,1.3205466270446777,0.0,是,1.169265866279602,0/0,60日新高,房地产开,2026-02-04
44,000042,中洲控股,7.913669109344482,9.0,9.17,144641013,5977180818.0,5983480224.0,2.5062804222106934,0.22271715104579926,是,1.36124587059021,0/0,60日新高,房地产开,2026-02-04
55,600649,城投控股,6.936416149139404,5.55,5.71,778045376,13899979262.4,13899979262.4,5.762975692749023,-0.3590664267539978,是,1.2710121870040894,0/0,60日新高,房地产开,2026-02-04
65,002244,滨江集团,6.26086950302124,12.22,12.65,711972160,32821690240.300003,38021844311.36,2.2122929096221924,0.08190008252859116,是,1.094306230545044,0/0,60日新高,房地产开,2026-02-04
14,000560,我爱我家,10.060976028442383,3.61,3.61,1458736368,8143937873.09,8503358061.28,18.453140258789062,0.0,是,1.6408398151397705,1/1,60日新高,房地产服,2026-02-04
247,600455,博通股份,-0.3789183795452118,28.92,31.93,37004968,1806285360.0,1806285360.0,2.0394504070281982,-0.3789183795452118,是,0.7041509747505188,0/0,60日新高,教育,2026-02-04
207,601921,浙版传媒,0.9626955986022949,8.39,9.14,212662921,18644444450.97,18644444459.36,1.140215277671814,0.0,是,1.4350589513778687,0/0,60日新高,文化传媒,2026-02-04
294,600986,浙文互联,-3.9559013843536377,14.81,16.96,8936889088,22028009858.22,22028009887.84,39.214927673339844,0.06756757199764252,是,1.264711618423462,2/1,60日新高,文化传媒,2026-02-04
85,000719,中原传媒,5.164319038391113,13.44,14.06,626434048,8966462977.92,13751858319.359999,6.914731502532959,-0.1485884040594101,是,4.805089950561523,0/0,60日新高,文化传媒,2026-02-04
302,603103,横店影视,-6.740116119384766,28.78,33.95,1577847344,18252276000.0,18252276000.0,7.961678504943848,-1.774743914604187,是,4.908283233642578,5/4,60日新高且近期多次涨停,文化传媒,2026-02-04
308,002995,天地在线,-10.002703666687012,33.29,40.69,1054578912,3742368854.3199997,5907459639.2,27.47800064086914,0.0,否,0.7062631249427795,8/4,近期多次涨停,文化传媒,2026-02-04
178,600054,黄山旅游,2.187028646469116,13.55,14.59,293692064,6955215000.0,9883091412.0,4.231464862823486,0.0,是,0.8675262928009033,0/0,60日新高,旅游酒店,2026-02-04
248,600531,豫光金铅,-0.4980630576610565,17.98,19.88,3795742720,21742543310.04,21742543417.920002,17.4874267578125,0.0,否,1.6683564186096191,9/5,近期多次涨停,有色金属,2026-02-04
222,002824,和胜股份,0.6573541760444641,24.5,26.77,328547040,4634321583.5,7623881384.0,7.12506628036499,-0.20366600155830383,是,0.8069175481796265,0/0,60日新高,有色金属,2026-02-04
159,601212,白银有色,2.619692802429199,11.36,12.18,7089830912,84118238444.95999,84118237184.0,8.804763793945312,0.0,否,2.7651751041412354,12/8,近期多次涨停,有色金属,2026-02-04
86,300855,图南股份,5.114226341247559,40.49,46.22,519210912,11861794027.62,16015070596.960001,4.5232014656066895,0.0,是,1.4441841840744019,0/0,60日新高,有色金属,2026-02-04
49,300828,锐新科技,7.160194396972656,26.49,29.66,574776864,3304314653.1,4408518780.0,18.24842071533203,0.0,是,1.2302888631820679,0/0,60日新高,有色金属,2026-02-04
197,002224,三 力 士,1.5021458864212036,4.73,5.13,149461212,3814179145.3700004,4267010193.6000004,3.9135594367980957,-0.2109704613685608,是,1.4390064477920532,0/0,60日新高,橡胶制品,2026-02-04
51,000599,青岛双星,7.065217018127441,7.88,8.1,604170272,6435951482.559999,6436060856.96,9.506770133972168,0.0,是,1.2791540622711182,0/0,60日新高,橡胶制品,2026-02-04
190,000672,上峰水泥,1.6722407341003418,15.2,16.45,314697376,14734810840.0,14734810931.199999,2.1473474502563477,0.0,是,0.7243698239326477,0/0,60日新高,水泥建材,2026-02-04
35,603616,韩建河山,9.951845169067383,6.85,6.85,20267095,2632407050.0,2680528300.0,0.7699073553085327,0.0,是,0.16057278215885162,2/2,60日新高且近期多次涨停,水泥建材,2026-02-04
127,000401,金隅冀东,3.543307304382324,5.26,5.59,336244928,13840922976.279999,13982220283.84,2.4707412719726562,-0.18975332379341125,是,2.2648494243621826,0/0,60日新高,水泥建材,2026-02-04
125,600585,海螺水泥,3.569963216781616,25.24,26.81,2072758192,100952493093.95999,133754399037.43999,2.063976526260376,0.0,是,1.270245909690857,0/0,60日新高,水泥建材,2026-02-04
174,002541,鸿路钢构,2.244718313217163,23.23,24.99,242894574,11524840653.2,16029098069.28,2.1491267681121826,-0.04302925989031792,是,0.8813155293464661,0/0,60日新高,水泥建材,2026-02-04
186,002233,塔牌集团,1.8200201988220215,10.07,10.88,112409001,11998147872.62,12006209491.68,0.94655841588974,-0.0992063581943512,是,0.7409504055976868,0/0,60日新高,水泥建材,2026-02-04
230,000951,中国重汽,0.5050504803657532,19.9,21.78,422923232,23379900264.0,23379900264.0,1.8119182586669922,0.0,是,0.7891178131103516,0/0,60日新高,汽车整车,2026-02-04
144,600841,动力新科,3.1914894580841064,9.7,10.34,390628992,10117337494.8,13461871382.4,3.9480032920837402,0.10319917649030685,是,0.7503307461738586,0/0,60日新高,汽车整车,2026-02-04
162,603950,长源东谷,2.533625364303589,32.78,35.17,357489424,10607830904.0,10625007624.0,3.3369600772857666,0.0,是,1.7780333757400513,0/0,60日新高,汽车零部,2026-02-04
63,002488,金固股份,6.400000095367432,13.3,13.75,852634416,12237117186.7,13239339657.6,7.129124641418457,0.30165913701057434,是,1.3463209867477417,0/0,60日新高,汽车零部,2026-02-04
225,301535,浙江华远,0.5702067017555237,28.22,33.67,225124092,1800270009.96,12001799840.64,12.63607120513916,0.0,是,0.8406882882118225,0/0,60日新高,汽车零部,2026-02-04
219,605088,冠盛股份,0.6822356581687927,38.37,41.92,182153906,7663074257.61,7778598653.61,2.3942086696624756,-0.18210197985172272,是,1.0604242086410522,0/0,60日新高,汽车零部,2026-02-04
215,603409,汇通控股,0.7822357416152954,39.94,43.59,137131378,1258417697.76,5033638200.0,10.87167739868164,0.025043826550245285,是,1.092609167098999,0/0,60日新高,汽车零部,2026-02-04
111,601799,星宇股份,4.232988357543945,149.96,158.26,1771252848,42840485673.240005,42840486423.04,4.195981502532959,0.060052044689655304,是,1.0472619533538818,2/1,60日新高,汽车零部,2026-02-04
160,603306,华懋科技,2.6027913093566895,81.6,87.48,1216764576,26886735940.8,26886736512.0,4.576112270355225,0.012256404384970665,是,0.9894397854804993,0/0,60日新高,汽车零部,2026-02-04
112,301607,富特科技,4.183590412139893,51.3,59.09,364712304,5737670969.4,7973066468.7,6.297976970672607,0.0,是,1.5820716619491577,0/0,60日新高,汽车零部,2026-02-04
182,300176,鸿特科技,1.9946807622909546,7.67,9.02,322961248,2970443736.0,2970443736.0,10.801681518554688,0.0,是,1.0057895183563232,0/0,60日新高,汽车零部,2026-02-04
236,001278,一彬科技,0.4508196711540222,24.51,26.84,122839353,1238600619.51,3032705634.0,9.936775207519531,0.0,是,0.7289382815361023,0/0,60日新高,汽车零部,2026-02-04
88,688533,上声电子,5.092024326324463,34.26,39.12,164446263,5652432522.299999,5652432522.299999,2.976187229156494,0.0,是,2.681856870651245,0/0,60日新高,汽车零部,2026-02-04
3,300912,凯龙高科,20.0,23.82,23.82,26877059,2046988969.5,2736489240.0,1.3130046129226685,0.0,是,0.19006165862083435,1/1,60日新高,汽车零部,2026-02-04
259,603211,晋拓股份,-1.0199918746948242,24.26,26.96,468821472,6594062080.0,6594062080.0,7.071352005004883,-0.041203130036592484,是,2.8644461631774902,2/1,60日新高,汽车零部,2026-02-04
273,300863,卡倍亿,-1.6198877096176147,61.34,74.82,214945881,11094494277.560001,11542705780.24,1.9288568496704102,0.0,是,0.5677311420440674,0/0,60日新高,汽车零部,2026-02-04
306,605151,西上海,-9.991974830627441,22.43,27.41,89941595,3018051199.46,3018051199.46,2.96854305267334,0.0,否,0.4336136281490326,4/2,近期多次涨停,汽车零部,2026-02-04
24,002126,银轮股份,10.005091667175293,43.21,43.21,2582133088,34268919910.920002,36543104211.04,7.561063289642334,0.0,是,2.5316383838653564,2/2,60日新高且近期多次涨停,汽车零部,2026-02-04
124,603926,铁流股份,3.581054925918579,26.9,28.57,297025312,6209558635.9,6313876835.9,4.92586088180542,0.0,是,1.1635432243347168,0/0,60日新高,汽车零部,2026-02-04
99,002283,天润工业,4.86202335357666,7.98,8.37,1037733008,8008140903.42,9092868328.32,12.756560325622559,0.12547051906585693,是,1.9295405149459839,0/0,60日新高,汽车零部,2026-02-04
289,601231,环旭电子,-2.8498871326446533,34.43,38.98,1702976608,82256887835.54,82256887628.96,2.0683305263519287,0.05812263861298561,是,0.9114075899124146,0/0,60日新高,消费电子,2026-02-04
304,603629,利通电子,-9.297052383422852,40.0,48.51,1839117984,10274080000.0,10495200000.0,17.662384033203125,0.15022534132003784,否,0.9386612176895142,4/2,近期多次涨停,消费电子,2026-02-04
303,301086,鸿富瀚,-9.104288101196289,135.88,179.39,742371360,6432329970.44,12229200000.0,10.976470947265625,0.0,是,1.4374728202819824,0/0,60日新高,消费电子,2026-02-04
50,301182,凯旺科技,7.075372219085693,51.0,57.16,799082224,4886906700.0,4886906700.0,16.009891510009766,0.0,是,3.143342971801758,2/1,60日新高,消费电子,2026-02-04
276,301326,捷邦科技,-1.825604796409607,127.45,155.78,362323824,3480247581.6,9266854833.6,10.449625968933105,0.0,是,0.8924794793128967,0/0,60日新高,消费电子,2026-02-04
142,300843,胜蓝股份,3.247706651687622,56.27,65.4,858473008,8839466623.130001,9211672641.01,9.69106388092041,0.0,是,1.6378198862075806,0/0,60日新高,消费电子,2026-02-04
58,600395,盘江股份,6.797852993011475,5.97,6.15,704698144,12815350617.18,12815350629.119999,5.635077953338623,0.0,是,1.6872652769088745,0/0,60日新高,煤炭行业,2026-02-04
171,002911,佛燃能源,2.3141653537750244,14.59,15.69,137212350,18486084449.18,18943571728.16,0.7451832294464111,-0.06849315017461777,是,0.7806878089904785,0/0,60日新高,燃气,2026-02-04
95,002259,升达林业,4.909090995788574,5.77,6.05,535193792,4340934100.59,4340934129.44,12.165926933288574,-0.8591065406799316,是,1.4780988693237305,0/0,60日新高,燃气,2026-02-04
234,002930,宏川智慧,0.4728132486343384,12.75,13.96,222481638,5517179107.5,5832995868.0,4.059376239776611,-0.07836990058422089,是,0.9292237758636475,0/0,60日新高,物流行业,2026-02-04
172,688021,奥福科技,2.2657952308654785,23.47,27.54,51085279,1793429937.99,1793429937.99,2.8608999252319336,0.0,是,0.8689250946044922,0/0,60日新高,环保行业,2026-02-04
282,688335,复洁科技,-2.1965317726135254,42.3,51.9,230139531,6261863241.599999,6261863241.599999,3.597255229949951,0.0,是,0.8754603862762451,0/0,60日新高,环保行业,2026-02-04
120,301081,严牌股份,3.8180339336395264,12.78,14.77,127020633,2785629659.7599998,2903563116.3599997,4.537179946899414,0.0,是,1.6212269067764282,0/0,60日新高,环保行业,2026-02-04
135,603126,中材节能,3.4271724224090576,8.45,8.99,408105712,5158725000.0,5158725000.0,7.858156681060791,-0.23612749576568604,是,2.043928384780884,0/0,60日新高,环保行业,2026-02-04
203,300800,力合科技,1.096319556236267,12.91,15.32,58316524,3025865165.0,3056558690.0,1.9250239133834839,0.0,是,1.1955980062484741,0/0,60日新高,环保行业,2026-02-04
164,688309,恒誉环保,2.4390242099761963,31.92,37.39,118908719,2534488506.48,2534488506.48,4.664245128631592,0.0,是,1.0678027868270874,0/0,60日新高,环保行业,2026-02-04
68,600176,中国巨石,5.993233680725098,21.93,22.76,3003795088,87788788445.04,87788788620.48,3.511115074157715,0.04562043771147728,是,1.733283281326294,0/0,60日新高,玻璃玻纤,2026-02-04
84,605006,山东玻纤,5.18331241607666,8.32,8.7,400592000,4992148761.6,4992148828.16,7.936394691467285,0.0,是,4.186310768127441,0/0,60日新高,玻璃玻纤,2026-02-04
78,601636,旗滨集团,5.485232353210449,7.5,7.82,973032320,22189902960.0,22189902960.0,4.474738121032715,0.13351134955883026,是,1.758028268814087,0/0,60日新高,玻璃玻纤,2026-02-04
101,920438,戈碧迦,4.753976821899414,56.63,70.27,642407744,7893885051.5,8190396900.0,8.448135375976562,-0.01765536703169346,是,1.0437766313552856,0/0,60日新高,玻璃玻纤,2026-02-04
154,301526,国际复材,2.845100164413452,9.76,11.39,2915701296,13706874928.48,36803769748.479996,21.86131477355957,0.0,是,1.2874616384506226,0/0,60日新高,玻璃玻纤,2026-02-04
132,603256,宏和科技,3.4369285106658936,56.58,60.17,1821628032,49774981950.0,49774982176.32,3.8302431106567383,0.0,是,1.100014090538025,0/0,60日新高,玻璃玻纤,2026-02-04
82,605599,菜百股份,5.432511329650879,25.23,26.32,772835968,19623333894.0,19623334095.84,3.9327616691589355,0.23837901651859283,是,1.558941125869751,2/1,60日新高,珠宝首饰,2026-02-04
300,600916,中国黄金,-6.3125481605529785,12.17,14.29,3023017648,20445600000.0,20445600000.0,14.42254638671875,0.0,否,1.3250383138656616,9/5,近期多次涨停,珠宝首饰,2026-02-04
116,000875,电投绿能,3.9548020362854004,7.36,7.79,1450607232,24600099821.120003,26696711792.64,6.007909774780273,-0.27100270986557007,是,1.953648567199707,0/0,60日新高,电力行业,2026-02-04
98,601619,嘉泽新能,4.885993480682373,6.44,6.75,1083874320,15679231123.92,18758115564.16,6.958539009094238,-0.1550387591123581,是,1.0655614137649536,0/0,60日新高,电力行业,2026-02-04
108,601778,晶科科技,4.269662857055664,4.64,4.9,1194402016,16569442964.96,16569442969.599998,7.323266506195068,-0.2150537669658661,是,1.3363075256347656,0/0,60日新高,电力行业,2026-02-04
229,600149,廊坊发展,0.5067567229270935,5.95,6.51,493579552,2261952000.0,2261952000.0,21.56162452697754,0.0,是,7.458117961883545,2/1,60日新高,电力行业,2026-02-04
189,000862,银星能源,1.7214397192001343,6.5,7.03,272545584,4081786072.0,5966705576.0,6.6364216804504395,-0.15360982716083527,是,2.0913326740264893,0/0,60日新高,电力行业,2026-02-04
256,600236,桂冠电力,-0.9523810148239136,8.32,9.24,91955852,65581383312.64,65581382696.96,0.1395595371723175,0.12033694982528687,是,0.8519852161407471,0/0,60日新高,电力行业,2026-02-04
173,002729,好利科技,2.2459893226623535,19.12,20.57,232415517,3354866154.32,3498384870.4,6.879907131195068,0.0,是,1.4736499786376953,0/0,60日新高,电子元件,2026-02-04
218,002922,伊戈尔,0.6839945316314697,44.16,48.25,1108660336,16507259932.8,18688782612.48,6.744814872741699,0.24971622228622437,是,1.4464139938354492,2/1,60日新高,电子元件,2026-02-04
237,002161,远 望 谷,0.4410143494606018,9.11,9.98,338478160,6420205286.419999,6739189986.879999,5.2283616065979,0.0,是,0.6804214715957642,0/0,60日新高,电子元件,2026-02-04
212,603920,世运电路,0.8849557638168335,70.68,77.07,2204865520,50931464965.560005,50931465177.600006,4.361586570739746,-0.08481764048337936,是,0.7856544852256775,2/1,60日新高,电子元件,2026-02-04
269,688025,杰普特,-1.403130054473877,182.7,222.36,1381629248,17365529582.1,17365529582.1,8.107366561889648,0.0,是,1.320398211479187,0/0,60日新高,电子元件,2026-02-04
224,301413,安培龙,0.5897574424743652,167.15,199.4,1290154832,9820044782.1,16447891792.75,13.079720497131348,0.0,是,1.0226534605026245,0/0,60日新高,电子元件,2026-02-04
179,002724,海洋王,2.1592442989349365,7.57,8.15,194117855,4298151859.4800005,5840239860.0,4.511907577514648,0.13227513432502747,是,0.9167289137840271,0/0,60日新高,电子元件,2026-02-04
115,603002,宏昌电子,3.9742212295532227,9.68,10.24,673887648,10977879967.119999,10977879996.16,6.207118988037109,0.10341261327266693,是,1.2619984149932861,0/0,60日新高,电子化学,2026-02-04
252,688155,先惠技术,-0.755256175994873,97.24,117.58,374164352,12294637417.92,12294637417.92,3.036600112915039,0.0,是,0.7395738959312439,0/0,60日新高,电池,2026-02-04
45,603031,安孚科技,7.637017250061035,59.9,61.22,1369250064,12646088000.0,15443705100.699999,11.132290840148926,0.0,是,3.3125696182250977,2/1,60日新高,电池,2026-02-04
139,002452,长高电新,3.269230842590332,10.74,11.44,533719648,5540817444.6,6662366539.2,9.737881660461426,0.0,是,1.7976080179214478,0/0,60日新高,电网设备,2026-02-04
271,688330,宏力达,-1.5037593841552734,45.85,55.86,324313088,6419000000.0,6419000000.0,5.000580787658691,0.0,是,0.9430087208747864,0/0,60日新高,电网设备,2026-02-04
296,920046,亿能电力,-4.866508960723877,28.15,38.46,507807232,1803775629.05,2847372500.0,26.193906784057617,0.0,是,1.1791459321975708,0/0,60日新高,电网设备,2026-02-04
36,601096,宏盛华源,9.946714401245117,6.19,6.19,604236048,10170024788.79,16559209994.720001,6.082197189331055,0.0,是,0.7741305828094482,1/1,60日新高,电网设备,2026-02-04
103,002112,三变科技,4.707860469818115,24.91,26.17,2813917968,6528401590.5,7326810184.8,43.61338806152344,0.0,否,1.6435329914093018,3/2,近期多次涨停,电网设备,2026-02-04
16,002441,众业达,10.03009033203125,10.97,10.97,262058244,4377904627.13,5973643467.52,6.17163610458374,0.0,是,2.2636773586273193,1/1,60日新高,电网设备,2026-02-04
295,002471,中超控股,-4.01267147064209,9.09,10.42,4373759232,12203995505.67,12442028400.0,35.235477447509766,-0.10989011824131012,否,1.2365248203277588,3/2,近期多次涨停,电网设备,2026-02-04
33,603618,杭电股份,9.972553253173828,12.02,12.02,995067584,8310334904.32,8310334904.32,11.99462604522705,0.0,是,2.2879726886749268,4/4,60日新高且近期多次涨停,电网设备,2026-02-04
193,002350,北京科锐,1.609657883644104,10.1,10.93,297773776,5358569857.099999,5477546574.4,5.581172943115234,0.09910803288221359,是,1.228066325187683,0/0,60日新高,电网设备,2026-02-04
244,601126,四方股份,-0.12339585274457932,40.47,44.57,898879264,33391206138.0,33718936406.879997,2.704566240310669,-0.024703558534383774,是,0.8971339464187622,0/0,60日新高,电网设备,2026-02-04
195,002533,金杯电工,1.5460295677185059,14.45,15.65,516814144,9213976506.85,10605448259.199999,5.563857078552246,-0.06915629655122757,是,1.3393985033035278,0/0,60日新高,电网设备,2026-02-04
183,600869,远东股份,1.9741836786270142,13.43,14.49,1688994912,29805907378.78,29805907459.36,5.72430419921875,0.07451564818620682,是,0.9489462971687317,2/1,60日新高,电网设备,2026-02-04
59,600590,泰豪科技,6.626506328582764,12.39,12.78,2254802272,10451826389.970001,10567056128.16,21.72258758544922,0.0,是,2.798692464828491,2/1,60日新高,电网设备,2026-02-04
281,603861,白云电器,-2.0867655277252197,17.83,20.03,1193080544,9424696902.74,9637613384.16,12.423665046691895,0.056116726249456406,否,1.7994680404663086,4/2,近期多次涨停,电网设备,2026-02-04
198,002339,积成电子,1.3991769552230835,12.32,13.37,1363754816,5898737201.28,6210416791.04,22.639732360839844,-0.16207455098628998,是,1.5662155151367188,0/0,60日新高,电网设备,2026-02-04
34,000533,顺钠股份,9.960552215576172,11.15,11.15,1042648640,7636661760.0,7702598400.0,13.844118118286133,0.0,是,2.211531162261963,3/3,60日新高且近期多次涨停,电网设备,2026-02-04
123,603577,汇金通,3.646308183670044,11.37,12.07,206032107,3856011566.9999995,3856011612.4799995,5.3237152099609375,0.0,是,2.2748262882232666,0/0,60日新高,电网设备,2026-02-04
87,920018,宏远股份,5.103011131286621,33.16,41.01,304776224,1466461207.9999998,4222248342.24,20.916969299316406,0.0,是,2.643261671066284,0/0,60日新高,电网设备,2026-02-04
13,600759,洲际油气,10.089685440063477,4.91,4.91,3339511408,20345497179.8,20371635564.8,17.352947235107422,0.0,否,1.1072241067886353,11/6,近期多次涨停,石油行业,2026-02-04
214,300005,探路者,0.8219177722930908,14.72,17.52,664318512,13002386289.92,13008096266.24,5.100595951080322,0.0,是,1.1392203569412231,0/0,60日新高,纺织服装,2026-02-04
177,603073,彩蝶实业,2.226524591445923,21.12,22.73,60222631,1074856949.76,2449920000.0,5.599226951599121,-0.37735849618911743,是,1.4421061277389526,0/0,60日新高,纺织服装,2026-02-04
72,002193,如意集团,5.683563709259033,6.88,7.16,205288724,1800592664.0,1800602984.0,11.407415390014648,-0.14513787627220154,是,1.7688132524490356,0/0,60日新高,纺织服装,2026-02-04
238,600232,金鹰股份,0.32258063554763794,9.33,10.23,172474182,3402824015.52,3402824015.52,5.021653175354004,-0.3205128312110901,是,1.218737244606018,0/0,60日新高,纺织服装,2026-02-04
156,600770,综艺股份,2.769679307937622,7.05,7.55,872300000,9165000000.0,9165000000.0,9.621403694152832,0.14204545319080353,是,1.2616082429885864,0/0,60日新高,综合行业,2026-02-04
91,300775,三角防务,5.0305914878845215,46.35,52.96,5139961088,24638823846.0,25378751167.2,20.881675720214844,0.0,是,1.6422417163848877,0/0,60日新高,航天航空,2026-02-04
81,600316,洪都航空,5.4409003257751465,44.96,46.9,1107565184,32241468459.52,32241468459.52,3.4797861576080322,-0.02223704569041729,是,1.5549218654632568,0/0,60日新高,航天航空,2026-02-04
38,300719,安达维尔,9.817754745483398,18.68,20.41,761472752,3355304065.7599998,4748963162.0,22.524442672729492,0.0,是,3.7255125045776367,0/0,60日新高,航天航空,2026-02-04
221,002985,北摩高科,0.6600660085678101,42.7,46.66,1402441728,7501142861.1,14170148720.0,18.370264053344727,-0.04681647941470146,是,1.2239776849746704,0/0,60日新高,航天航空,2026-02-04
217,688510,航亚科技,0.7015785574913025,40.19,47.89,480700080,10430213615.519999,10430213615.519999,4.620726108551025,0.0,是,1.2617634534835815,0/0,60日新高,航天航空,2026-02-04
66,000738,航发控制,6.032482624053955,27.42,28.45,3313654688,36062345307.420006,36062345280.0,9.26744556427002,0.0364830382168293,是,2.235938549041748,2/1,60日新高,航天航空,2026-02-04
56,600029,南方航空,6.928104877471924,8.18,8.42,1347710752,110241248242.34,148229147064.32,1.236714243888855,-0.12210012972354889,是,1.7882468700408936,0/0,60日新高,航空机场,2026-02-04
150,601018,宁波港,3.015075445175171,4.1,4.38,571933632,79762992435.9,79762992768.0,0.7175978422164917,0.0,是,1.2476154565811157,0/0,60日新高,航运港口,2026-02-04
113,601872,招商轮船,4.1666669845581055,12.0,12.67,1830832000,96894462024.0,96894461952.0,1.9115091562271118,-0.08326394855976105,是,1.2633726596832275,0/0,60日新高,航运港口,2026-02-04
76,600026,中远海能,5.608065605163574,16.76,17.46,1193489840,58237252380.200005,91597101680.64001,2.09911847114563,0.05970149114727974,是,1.0323697328567505,0/0,60日新高,航运港口,2026-02-04
228,601298,青岛港,0.5133470296859741,9.79,10.71,280814640,52788414249.99999,63547868060.159996,0.5298560857772827,-0.20387358963489532,是,0.7674434781074524,0/0,60日新高,航运港口,2026-02-04
147,300065,海兰信,3.0985915660858154,29.28,34.08,6940276224,19233776297.760002,21126666839.04,36.22322082519531,0.0,是,1.7402534484863281,0/0,60日新高,船舶制造,2026-02-04
19,002853,皮阿诺,10.017699241638184,31.08,31.08,281246352,4000145650.2,5685027663.84,7.204936504364014,0.0,是,1.4286689758300781,1/1,60日新高,装修建材,2026-02-04
75,000786,北新建材,5.611150741577148,29.55,30.78,1541201600,49924956731.1,50301075218.4,3.113797187805176,0.06772772967815399,是,1.4118472337722778,0/0,60日新高,装修建材,2026-02-04
188,002641,公元股份,1.7660044431686401,4.61,4.98,113800718,5227715350.33,5666122749.92,2.1891543865203857,0.0,是,1.3811339139938354,0/0,60日新高,装修建材,2026-02-04
143,603856,东宏股份,3.247232437133789,13.99,14.91,87346758,3945964279.4,3945964335.36,2.221616268157959,0.2148997038602829,是,1.5608205795288086,0/0,60日新高,装修建材,2026-02-04
20,002791,坚朗五金,10.017123222351074,25.7,25.7,409890256,4915800498.8,9094844705.6,8.702244758605957,0.0,是,1.225497841835022,1/1,60日新高,装修建材,2026-02-04
73,002043,兔 宝 宝,5.674191474914551,17.32,18.03,311980992,12749628796.6,14371347593.6,2.4971425533294678,-0.057703401893377304,是,1.2818456888198853,0/0,60日新高,装修建材,2026-02-04
62,300749,顶固集创,6.428172588348389,19.04,21.47,371610064,2996812224.0,3906425376.0,12.952676773071289,0.0,是,1.1932382583618164,0/0,60日新高,装修建材,2026-02-04
134,003012,东鹏控股,3.4293551445007324,7.54,8.02,141396610,8629607330.24,8723637886.08,1.6675262451171875,-0.13245032727718353,是,1.3155531883239746,0/0,60日新高,装修建材,2026-02-04
213,301429,森泰股份,0.8591885566711426,21.13,25.14,29856312,930589140.29,2497988600.0,3.209821939468384,0.0,是,0.8593688607215881,0/0,60日新高,装修建材,2026-02-04
53,002271,东方雨虹,6.971294403076172,18.26,18.78,1426658912,34967564435.98,43617659662.72,4.151835918426514,0.10964912176132202,是,1.0683577060699463,0/0,60日新高,装修建材,2026-02-04
151,002785,万里石,2.959228515625,46.97,50.18,857196192,9088461230.31,10644327074.15,9.431888580322266,-0.06382978707551956,是,1.2862889766693115,2/1,60日新高,装修建材,2026-02-04
74,002375,亚厦股份,5.660377502441406,4.48,4.66,384189216,5944035767.040001,6003184302.080001,6.3909525871276855,-0.4444444477558136,是,4.175363540649414,0/0,60日新高,装修装饰,2026-02-04
31,002830,名雕股份,9.985785484313965,30.95,30.95,342200416,2069084875.0,4126873000.0,17.01446533203125,0.0,是,1.2343523502349854,4/4,60日新高且近期多次涨停,装修装饰,2026-02-04
23,002970,锐明技术,10.006540298461914,67.28,67.28,313918272,8296314158.24,12153277544.0,3.8015823364257812,0.0,是,0.38351961970329285,1/1,60日新高,计算机设,2026-02-04
169,600621,华鑫股份,2.3451592922210693,17.02,18.29,681079920,18056505949.84,18056506017.92,3.7958309650421143,0.05878894776105881,是,1.0666645765304565,0/0,60日新高,证券,2026-02-04
299,000506,招金黄金,-5.77439546585083,21.05,24.57,2317526160,19549281529.05,19555823848.0,11.758207321166992,0.19038553535938263,否,1.321078896522522,8/4,近期多次涨停,贵金属,2026-02-04
278,002155,湖南黄金,-1.938301920890808,35.92,40.29,8034339584,56125368431.44,56130435127.04,13.874051094055176,0.0,是,1.3282374143600464,8/6,60日新高且近期多次涨停,贵金属,2026-02-04
52,001316,润贝航科,7.01224946975708,60.28,61.96,760565824,6708659757.8,6939157517.6,11.234057426452637,0.0,是,1.9647732973098755,2/1,60日新高,贸易行业,2026-02-04
153,600710,苏美达,2.887788772583008,12.47,13.33,456409312,16295165441.980001,16295165516.800001,2.8235366344451904,-0.24000000953674316,是,1.450451374053955,0/0,60日新高,贸易行业,2026-02-04
184,300810,中科海讯,1.913536548614502,43.14,50.8,418108336,4917551248.5,5092677000.0,8.339710235595703,0.0,是,2.0202996730804443,0/0,60日新高,软件开发,2026-02-04
287,688777,中控技术,-2.82608699798584,89.4,110.4,2981266752,70020025701.6,70732343088.0,4.256595134735107,0.0,是,0.8291484117507935,0/0,60日新高,软件开发,2026-02-04
185,002322,理工能科,1.8768768310546875,13.57,14.65,158796725,4768493644.03,4960214525.76,3.318045139312744,-0.0736377015709877,是,2.368258476257324,0/0,60日新高,软件开发,2026-02-04
194,301314,科瑞思,1.5513626337051392,48.44,57.24,79831702,787150000.0,2676310000.0,10.153193473815918,0.0,是,1.462775707244873,0/0,60日新高,通信设备,2026-02-04
205,002491,通鼎互联,0.9729729890823364,9.34,10.18,2826874064,10988219255.14,11488148592.64,25.99302101135254,0.4301075339317322,是,1.2708134651184082,4/2,60日新高且近期多次涨停,通信设备,2026-02-04
69,603042,华脉科技,5.983379364013672,19.13,19.86,821294064,3072083639.2,3072083639.2,26.532846450805664,0.0,是,3.145115852355957,0/0,60日新高,通信设备,2026-02-04
232,600522,中天科技,0.49129077792167664,22.5,24.63,3114715024,76791367170.0,76791367080.0,4.065799236297607,-0.04442470148205757,是,0.7676278948783875,0/0,60日新高,通信设备,2026-02-04
130,688027,国盾量子,3.473987102508545,680.0,788.6,3309081744,54654571600.0,69945480680.0,6.008409023284912,0.0,是,1.1865944862365723,0/0,60日新高,通信设备,2026-02-04
152,600487,亨通光电,2.9492833614349365,37.35,39.91,5654139648,91327515018.75,92132539401.6,6.2251763343811035,-0.47961631417274475,是,0.7899156212806702,0/0,60日新高,通信设备,2026-02-04
258,300689,澄天伟业,-0.9926407337188721,57.85,70.12,552442608,5853388765.900001,6687460000.0,9.240880966186523,0.0,是,0.9218633770942688,0/0,60日新高,通信设备,2026-02-04
93,601869,长飞光纤,5.017552375793457,173.51,181.74,3520243632,70503760862.14,143649814595.03998,5.0812602043151855,0.08075214922428131,是,0.8383669257164001,0/0,60日新高,通信设备,2026-02-04
264,300394,天孚通信,-1.2370370626449585,266.66,324.0,11771295744,206888797250.76,207305720694.08002,5.743236064910889,0.0,是,0.7192304134368896,0/0,60日新高,通信设备,2026-02-04
240,688175,高凌信息,0.2848191559314728,35.21,42.13,77712538,4553251570.0,4553251570.0,1.7225886583328247,0.0,是,0.748645544052124,0/0,60日新高,通信设备,2026-02-04
9,300943,春晖智控,11.245902061462402,33.93,36.6,1174715664,4558165937.91,6915612600.0,25.483596801757812,0.0,是,1.6474056243896484,0/0,60日新高,通用设备,2026-02-04
148,300193,佳士科技,3.0687830448150635,9.74,11.34,217063971,4087446245.28,4638673129.92,5.393869876861572,0.0,是,2.5066628456115723,0/0,60日新高,通用设备,2026-02-04
165,601369,陕鼓动力,2.383134603500366,11.17,12.0,270335696,19058380131.64,19251210120.32,1.4166452884674072,-0.08944543451070786,是,1.276881456375122,0/0,60日新高,通用设备,2026-02-04
41,002931,锋龙股份,8.27450942993164,110.44,112.2,2641499472,22226439632.32,24131786736.64,12.477200508117676,0.0,是,1.2104334831237793,21/18,60日新高且近期多次涨停,通用设备,2026-02-04
216,301273,瑞晨环保,0.7540983557701111,30.73,36.6,53307958,1689724911.91,2201552268.16,3.150634288787842,0.0,是,1.1836259365081787,0/0,60日新高,通用设备,2026-02-04
250,688355,明志科技,-0.6356968283653259,20.32,24.54,25938446,2518787383.04,2518787383.04,1.027077555656433,0.0,是,0.8348995447158813,0/0,60日新高,通用设备,2026-02-04
175,300700,岱勒新材,2.2299652099609375,14.67,17.22,388581664,3969853819.83,5824412730.72,9.715826988220215,0.0,是,1.6738405227661133,0/0,60日新高,通用设备,2026-02-04
90,002943,宇晶股份,5.054863929748535,85.21,89.22,1548638368,12402347198.119999,17507089898.809998,12.594830513000488,0.03521953523159027,是,1.4052505493164062,2/1,60日新高,通用设备,2026-02-04
17,000039,中集集团,10.028929710388184,11.41,11.41,1862921376,26259055478.81,61528658311.68,7.248650550842285,0.0,是,2.2580478191375732,2/2,60日新高且近期多次涨停,通用设备,2026-02-04
7,300985,致远新能,19.980878829956055,25.1,25.1,357169632,4656323941.400001,4681463248.0,8.109245300292969,0.0,是,3.303349256515503,1/1,60日新高,通用设备,2026-02-04
192,300263,隆华科技,1.6421780586242676,11.76,13.88,1093277040,11472222756.96,12171674135.039999,9.559513092041016,0.0,是,1.2048949003219604,0/0,60日新高,通用设备,2026-02-04
109,002438,江苏神通,4.254079341888428,17.89,18.88,653874736,8388275132.63,9079845087.84,7.748412609100342,0.0,是,1.3618592023849487,0/0,60日新高,通用设备,2026-02-04
29,002342,巨力索具,9.993753433227539,17.61,17.61,1917586416,16812090900.0,16905600000.0,11.419862747192383,0.0,是,0.41649702191352844,20/10,60日新高且近期多次涨停,通用设备,2026-02-04
246,600356,恒丰纸业,-0.3086419701576233,9.69,10.69,120259033,2894707052.8199997,2894707033.44,4.1192193031311035,-0.10309278964996338,是,0.9270289540290833,0/0,60日新高,造纸印刷,2026-02-04
191,600963,岳阳林纸,1.6528924703598022,6.15,6.66,501409168,10809042302.1,10809042314.400002,4.643678665161133,0.0,是,0.546818196773529,0/0,60日新高,造纸印刷,2026-02-04
266,002012,凯恩股份,-1.3024601936340332,6.82,7.6,479780400,3183517163.86,3189205719.04,14.819146156311035,-0.43795621395111084,是,2.2190794944763184,2/1,60日新高,造纸印刷,2026-02-04
79,600966,博汇纸业,5.464480876922607,7.72,8.05,186415401,10320437903.36,10320437903.36,1.8490225076675415,0.0,是,1.0075849294662476,0/0,60日新高,造纸印刷,2026-02-04
136,600519,贵州茅台,3.3954386711120605,1525.0,1622.41,16444346112,1909712077875.0,1909712067200.0,0.8714008331298828,0.05379942059516907,是,1.0250576734542847,0/0,60日新高,酿酒行业,2026-02-04
272,000995,皇台酒业,-1.6087181568145752,18.96,21.2,1475520160,3363655680.0,3363655680.0,41.81595993041992,0.15847861766815186,是,1.9261078834533691,5/4,60日新高且近期多次涨停,酿酒行业,2026-02-04
133,300881,盛德鑫泰,3.432098865509033,41.89,48.6,120498049,2404747812.5,4607900000.0,5.041292667388916,0.0,是,1.1806589365005493,0/0,60日新高,钢铁行业,2026-02-04
204,601107,四川成渝,1.0886470079421997,6.5,7.07,114515285,14057810000.0,19877390000.0,0.8115586042404175,0.15408320724964142,是,0.8706756234169006,0/0,60日新高,铁路公路,2026-02-04
243,600350,山东高速,0.0,10.18,11.2,90200977,49215930998.5,49215930255.36,0.18211543560028076,-0.09813542664051056,是,1.1962648630142212,0/0,60日新高,铁路公路,2026-02-04
155,002948,青岛银行,2.7932960987091064,5.52,5.91,507794528,17181007821.84,32128358584.319996,2.988077163696289,0.18148820102214813,是,0.6965051293373108,0/0,60日新高,银行,2026-02-04
140,002142,宁波银行,3.257328987121582,31.7,33.77,1153275024,209216429502.19998,209333831910.4,0.5535802245140076,-0.06305170059204102,是,0.8725194334983826,0/0,60日新高,银行,2026-02-04
71,600172,黄河旋风,5.7971014976501465,8.03,8.35,2003287088,10248333672.5,11580741374.4,20.013147354125977,-0.24844719469547272,是,0.8688953518867493,0/0,60日新高,非金属材,2026-02-04
105,603612,索通发展,4.51127815246582,30.58,32.19,1619400704,15232034356.22,15232034509.119999,10.542224884033203,0.06544502824544907,是,1.5361515283584595,2/1,60日新高,非金属材,2026-02-04
25,600330,天通股份,10.0,16.94,16.94,4726572544,20894379007.04,20894379007.04,22.821557998657227,0.0,是,2.456876516342163,4/3,60日新高且近期多次涨停,非金属材,2026-02-04
32,600072,中船科技,9.983498573303223,13.33,13.33,1443572192,14440886422.28,20029982185.6,10.159820556640625,0.0,是,3.590576171875,1/1,60日新高,风电设备,2026-02-04
163,002531,天顺风能,2.4447031021118164,8.8,9.45,548575920,15724421891.2,15812532172.800001,3.5496954917907715,0.0,是,0.830894947052002,0/0,60日新高,风电设备,2026-02-04
220,601615,明阳智能,0.6619937419891357,25.85,28.25,3448614992,58459689850.100006,58459689798.4,5.924165725708008,0.07742934674024582,是,0.784379243850708,0/0,60日新高,风电设备,2026-02-04
70,001215,千味央厨,5.929203510284424,47.88,49.72,300614272,4633965874.440001,4652042154.4800005,6.497686386108398,0.02088990993797779,是,2.3876373767852783,0/0,60日新高,食品饮料,2026-02-04
137,603020,爱普股份,3.3027522563934326,11.26,11.99,112381362,4315257335.24,4315257357.76,2.617079257965088,0.0,是,2.8177883625030518,0/0,60日新高,食品饮料,2026-02-04
196,605567,春雪食品,1.533219814300537,11.92,12.91,81421825,2384000000.0,2384000000.0,3.425912618637085,0.0,是,0.9907779693603516,0/0,60日新高,食品饮料,2026-02-04
128,600300,维维股份,3.5040431022644043,3.84,4.08,351075568,6209825971.2,6209825955.84,5.689063549041748,0.0,是,1.5868579149246216,0/0,60日新高,食品饮料,2026-02-04
181,603697,有友食品,2.0740740299224854,13.78,14.85,454720512,5893597110.44,5893597082.88,7.707142353057861,0.07262164354324341,是,2.339641809463501,0/0,60日新高,食品饮料,2026-02-04
